dimension,mean_human,mean_llm,diff,cohen_d,point_biserial_r
confidence,3.9983388704318936,3.526910299003322,-0.47142857142857153,-0.7481790841633255,-0.35039768073815164
contribution,3.054152823920266,2.754485049833887,-0.2996677740863789,-0.5278307021275144,-0.2551966206243275
soundness,3.230232558139535,2.9667774086378738,-0.26345514950166127,-0.47134536310162906,-0.22940551084000602
presentation,3.0475083056478405,2.911627906976744,-0.13588039867109636,-0.24140251839925847,-0.11984118492158505
rating,5.919933554817276,5.89734219269103,-0.022591362126245684,-0.01849296630332931,-0.009246855941089044
