dimension,mean_human,mean_llm,diff,cohen_d,point_biserial_r
verbosity,2.0076641119626792,2.9933288859239493,0.9856647739612701,1.3058504790926613,0.5467273616174796
complexity,1.704765078307231,2.686457638425617,0.9816925601183861,1.393165252870616,0.5715953411009982
helpfulness,2.842385871376208,3.45130086724483,0.6089149958686222,0.5461407419365989,0.26344434147118956
correctness,2.927024325224925,3.486991327551701,0.559967002326776,0.4856138283336027,0.23596868900150728
coherence,3.6407864045318226,3.8045363575717146,0.16374995303989204,0.2732137623762897,0.1353606618334872
